bvid,title,up,tname,view,like,danmaku,reply,duration,pubdate,data_source
BV1YgT26qETR,本片放弃所有版权！,大漠叔叔,三农,2154863,365589,8698,6031,1488,1783254587,real
BV11qTC6HEvA,梓渝 | 请查收来自小渝24岁生日送给大家的第一份礼物！,梓渝工作室,日常,229559,77574,83123,22309,250,1783267200,real
BV1yFTR6jEbV,挑战中考多少分就马叫多少次,卑贱的低级农矿产品,日常,3209622,321196,10150,7289,2621,1783335074,real
BV18HTD61EXk,PC预下载开启！Alan Walker x 张韶涵演绎《遗忘之海》主题曲,遗忘之海,GMV,6543562,121932,1781,2065,222,1783310450,real
BV1vNTU6UEHw,TES单曲《全都是陀螺》,寂寞的渲染_,电子竞技,2878386,178724,3070,6389,244,1783299190,real
BV1kmT16pEhL,4月新番，这次我一定要拯救你啊啊啊！【泛式】,泛式,动漫杂谈,1353054,150882,12772,6917,935,1783257867,real
BV1sETy6WEZc,回家吃饭大合集一到十五集,呖猪猫meme,搞笑,3524629,169475,2010,1014,991,1783234675,real
BV1ghMK6REtX,最后的守桥人,龙团座666,网络游戏,4359760,267310,17324,6352,274,1783187379,real
BV1K1Tf6AEhN,沉浸式体验古井清理全过程,四川方严,三农,1906281,230502,5486,6595,1622,1783127852,real
BV1WdTS6eECV,《绝区零》诺姆EP｜chaos.exe,绝区零,手机游戏,1489002,126034,2992,14823,674,1783310400,real
BV1ryTC62EQQ,🍎老外来中国参加视频比赛，结果赢了？？,RingoTsuga津贺林吾,同人·手书,2064544,214337,6426,2755,344,1783309500,real
BV1AeMF68EBg,我用旧报纸做了个门帘怎么样兄弟们,八零彪子,三农,4441723,267226,3864,5086,196,1783152843,real
BV1VKTv6rEp2,一口气看完《失控进化》荒岛进化三部曲！,失控进化,单机游戏,7341631,124871,53313,3673,460,1783299600,real
BV1WsTy6JEE8,带着100万，我们见到了女巫…,影视飓风,数码,2504547,155527,19827,3017,2378,1783242000,real
BV1ysTy6JE5u,『抽象宝贝』我Chovy！拿宝可梦给我拿好了呀！,王葳-,鬼畜剧场,928007,127030,1459,2865,507,1783237646,real
BV12zT16ZEVc,【TES越战单曲】《千年陀螺》⚡旋转千年的陀螺 ~⚡G2越南打不过~⚡,往事在未来,电子竞技,2018669,115580,3541,5570,162,1783259178,real
BV14oMT6dEyF,麻醉：如何让你安全地进行一次时空穿梭？,大圆镜科普,科学科普,2984807,162586,2322,4474,428,1783209770,real
BV1HBMF6dEcN,4扑梅西，2过劳塔罗，外国网友是怎么看佛得角vs阿根廷的，沃齐尼亚涨粉2000万,瞎问虾猜丶,搞笑,4930857,251699,2401,9664,219,1783150884,real
BV15GTt6WETa,耗时上百小时！把经典漫画《父与子》手绘做成动画！,叫南瓜皮的我,同人·手书,3347614,704310,12607,8669,108,1783073555,real
BV1h5QaY5EaH,TES先锋赛单曲1.0《突然的陀螺》,蔚蓝边际,电子竞技,44755000,1157657,368903,398728,144,1742131868,real
BV1PoTQ6rEqA,你们要不要听听你们在唱什么...,LobotD轩轩轩儿,翻唱,2206805,229210,1425,14965,45,1783321928,real
BV1aGT26KE7g,“生活仍在继续”,小刘看动画,鬼畜剧场,1812015,252311,479,2120,32,1783253675,real
BV1mwMc6uEdX,一口气看完《末日山宿》4K 超清完整版，爆肝千小时耗资上万！,关渐帧,影视剪辑,2361245,84002,10446,3751,2879,1783166400,real
BV14tMw63E6E,高中生第一人称参加方程式比赛,角角OnTrack,赛车,1850079,210241,1599,5481,193,1783161213,real
BV1pvMF6ZEYG,阿伟创业记,青时晚,影视剪辑,3508162,152363,2453,2608,431,1783152255,real
BV1mtTD6rEtQ,《鸣潮》共鸣者战斗演示 | 秧秧·玄翎,鸣潮,手机游戏,2457637,98481,4386,34948,418,1783306800,real
BV1QFTb6nESd,当你在广东买菜,防傻贴士,同人·手书,4380357,288703,660,12404,59,1783130400,real
BV18dMu6NE6R,失踪八年的女儿，到底去哪了？,某幻君,日常,1656596,87369,13115,2730,2699,1783222161,real
BV1kUT16QErP,【全网首杀】涤墨作战920分登顶 躲在合约顶层控制的两人,星海攻略组,手机游戏,1213026,90016,6863,10141,469,1783252800,real
BV1m4Tj65EFr,黑子：委内瑞拉地震了🤷‍♀️怎么不见你出来捐钱？,女王厨房Surthycooks,美食制作,1063854,222639,912,2594,82,1783247400,real
BV16RTm6xEHy,《见死不救の罪》,伤心欲茄222,搞笑,3618339,217882,976,2601,91,1783310400,real
BV1RNMu6uE1B,当美院人玩画画躲猫猫,想想工作室,网络游戏,6590439,150916,996,1374,234,1783242000,real
BV1MoTy6tE6m,大 周 礼 时 代(6),诸葛皮皮9527,小剧场,1671299,181196,3580,3376,103,1783328400,real
BV1FqMF64E1n,“典狱长格赫罗斯”被抓了？,第1眼新闻,社会,4374873,219583,2112,14033,32,1783150905,real
BV1U2T76JEnp,【The Other Side Of Paradise】|【“反转の小曲”】,木落Ch,音乐综合,2731584,195891,725,1957,427,1783047000,real
BV1K8TD63EXg,【i-dle】 'Gimme Dat Love' Official Music Video,i-dle_official,音乐综合,951381,69977,15546,7520,162,1783328400,real
BV1xBTp6cE9L,鲁豫对话姜思达：带着「伤疤」奔跑的人，永远炽热地活着 | 陈鲁豫·慢谈EP21【视频播客】,陈鲁豫-慢谈,人文历史,1450467,51634,21852,3652,14145,1783310400,real
BV1UfTx6VEfv,“bro我从地狱回来了!”,怀孕の日奈酱,综合,3359511,313034,5674,7652,34,1783085904,real
BV1a9Mu6iE6H,【速凌】当你养了一整局的哈基蜂决定掩护你撤离的时候.....,高司令-速凌电竞,单机游戏,1291664,96793,4303,2383,604,1783242000,real
BV1tiMK6HEf9,少女A/椎名もた 重音テトcover,イトナンジ_ITONANJI,MMD·3D,637202,185849,368,2419,18,1783186308,real
BV1meTC6sEsy,网络人物志第220期：阁下有诈,人物记录馆-,搞笑,3208563,176294,882,3350,94,1783246305,real
BV1MtMw63Eex,【种植员手册】：太中了！植物就该这么用！,沙滩纸盒精,单机游戏,873666,112704,1095,1738,149,1783161150,real
BV1L6Ty6uEza,风月派克有罪？被哥哥害的！,阿帅派克,网络游戏,1927614,66387,5102,22917,527,1783265072,real
BV1QwMN6REu4,木偶变成猫猫了？,暗阳花-夏,同人·手书,774845,182084,120,1916,16,1783172486,real
BV1ku7a6MEJC,好生气啊！！太没有品味了！！怎么会有人喜欢xxx啊！！,papi酱,短片,5234879,486005,19347,20027,293,1782986400,real
BV1bmTb6EEka,脆皮五花肉,邪修美食,美食制作,3444934,214434,216,1236,52,1783089215,real
BV1mAMc6BEBR,迟到发现公司破产了，只抢到这个,团宠酸奶妹,喵星人,3567440,266227,994,2667,61,1783146842,real
BV1U7Mu6cEpy,【TF家族练习生】《突围II破局》EP02：这一刻，重新开始（下）,TF家族,明星综合,1993036,62433,1382347,7994,4421,1783249200,real
BV1FFMw6hEdw,《明日方舟》全新故事「丛林症结」活动宣传PV,明日方舟,手机游戏,1492802,81795,9314,13839,316,1783220400,real
BV1aMTy6cEhB,当你发现《弥渡山歌》和大狗叫的适配度是100%,416不想白给,鬼畜剧场,1215634,86908,770,3577,121,1783241692,real
